National Institute of Technology Agartala,"Biotechnology and Biochemical Engineering (4 Years, Bachelor of Technology)",OS,51253,56361
National Institute of Technology Agartala,"Chemical Engineering (4 Years, Bachelor of Technology)",OS,40449,50367
National Institute of Technology Agartala,"Chemistry (5 Years, Bachelor of Science and Master of Science (Dual Degree))",OS,58684,59062
National Institute of Technology Agartala,"Civil Engineering (4 Years, Bachelor of Technology)",OS,48024,54537
National Institute of Technology Agartala,"Computational Mathematics (5 Years, Bachelor and Master of Technology (Dual Degree))",OS,28859,33509
National Institute of Technology Agartala,"Computer Science and Engineering (4 Years, Bachelor of Technology)",OS,14010,20102
National Institute of Technology Agartala,"Electrical Engineering (4 Years, Bachelor of Technology)",OS,33497,39922
National Institute of Technology Agartala,"Electronics and Communication Engineering (4 Years, Bachelor of Technology)",OS,22012,27635
National Institute of Technology Agartala,"Electronics and Instrumentation Engineering (4 Years, Bachelor of Technology)",OS,26756,39683
National Institute of Technology Agartala,"Engineering Physics (5 Years, Bachelor and Master of Technology (Dual Degree))",OS,47342,50067
National Institute of Technology Agartala,"Mathematics & Computing (5 Years, Bachelor of Science and Master of Science (Dual Degree))",OS,26228,38103
National Institute of Technology Agartala,"Mechanical Engineering (4 Years, Bachelor of Technology)",OS,40622,47237
National Institute of Technology Agartala,"Physics (5 Years, Bachelor of Science and Master of Science (Dual Degree))",OS,30241,46448
National Institute of Technology Agartala,"Production Engineering (4 Years, Bachelor of Technology)",OS,49355,58345
National Institute of Technology Allahabad,"Bio Technology (4 Years, Bachelor of Technology)",OS,25258,35995
National Institute of Technology Allahabad,"Chemical Engineering (4 Years, Bachelor of Technology)",OS,22015,24068
National Institute of Technology Allahabad,"Civil Engineering (4 Years, Bachelor of Technology)",OS,15460,33065
National Institute of Technology Allahabad,"Computer Science and Engineering (4 Years, Bachelor of Technology)",OS,2758,4777
National Institute of Technology Allahabad,"Electrical Engineering (4 Years, Bachelor of Technology)",OS,9970,12422
National Institute of Technology Allahabad,"Electronics and Communication Engineering (4 Years, Bachelor of Technology)",OS,5924,9207
National Institute of Technology Allahabad,"Engineering and Computational Mechanics (4 Years, Bachelor of Technology)",OS,7531,11754
National Institute of Technology Allahabad,"Mechanical Engineering (4 Years, Bachelor of Technology)",OS,15848,21758
National Institute of Technology Allahabad,"Production and Industrial Engineering (4 Years, Bachelor of Technology)",OS,28793,34482
National Institute of Technology Andhra Pradesh,"Bio Technology (4 Years, Bachelor of Technology)",OS,53418,54146
National Institute of Technology Andhra Pradesh,"Chemical Engineering (4 Years, Bachelor of Technology)",OS,43510,43864
National Institute of Technology Andhra Pradesh,"Civil Engineering (4 Years, Bachelor of Technology)",OS,44645,50232
National Institute of Technology Andhra Pradesh,"Computer Science and Engineering (4 Years, Bachelor of Technology)",OS,11839,17272
National Institute of Technology Andhra Pradesh,"Electrical and Electronics Engineering (4 Years, Bachelor of Technology)",OS,25878,33347
National Institute of Technology Andhra Pradesh,"Electronics and Communication Engineering (4 Years, Bachelor of Technology)",OS,18733,24683
National Institute of Technology Andhra Pradesh,"Mechanical Engineering (4 Years, Bachelor of Technology)",OS,33802,42801
National Institute of Technology Andhra Pradesh,"Metallurgical and Materials Engineering (4 Years, Bachelor of Technology)",OS,47232,53982
National Institute of Technology Arunachal Pradesh,"Civil Engineering (4 Years, Bachelor of Technology)",OS,53021,57946
National Institute of Technology Arunachal Pradesh,"Computer Science and Engineering (4 Years, Bachelor of Technology)",OS,25273,29087
National Institute of Technology Arunachal Pradesh,"Electrical Engineering (4 Years, Bachelor of Technology)",OS,37542,44381
National Institute of Technology Arunachal Pradesh,"Electronics and Communication Engineering (4 Years, Bachelor of Technology)",OS,29803,38784
National Institute of Technology Arunachal Pradesh,"Mechanical Engineering (4 Years, Bachelor of Technology)",OS,45573,49818
National Institute of Technology Bhopal,"Architecture (5 Years, Bachelor of Architecture)",OS,522,905
National Institute of Technology Bhopal,"Chemical Engineering (4 Years, Bachelor of Technology)",OS,32643,37545
National Institute of Technology Bhopal,"Civil Engineering (4 Years, Bachelor of Technology)",OS,33535,43903
National Institute of Technology Bhopal,"Computer Science and Engineering (4 Years, Bachelor of Technology)",OS,6409,9370
National Institute of Technology Bhopal,"Electrical Engineering (4 Years, Bachelor of Technology)",OS,15802,21546
National Institute of Technology Bhopal,"Electronics and Communication Engineering (4 Years, Bachelor of Technology)",OS,9867,15624
National Institute of Technology Bhopal,"Materials Science and Metallurgical Engineering (4 Years, Bachelor of Technology)",OS,42282,46555
National Institute of Technology Bhopal,"Mathematics and Data Science (5 Years, Bachelor and Master of Technology (Dual Degree))",OS,12369,13855
National Institute of Technology Bhopal,"Mechanical Engineering (4 Years, Bachelor of Technology)",OS,24269,33129
National Institute of Technology Bhopal,"Planning (4 Years, Bachelor of Planning)",OS,120,590
National Institute of Technology Calicut,"Architecture (5 Years, Bachelor of Architecture)",OS,262,347
National Institute of Technology Calicut,"Bio Technology (4 Years, Bachelor of Technology)",OS,31740,38003
National Institute of Technology Calicut,"Chemical Engineering (4 Years, Bachelor of Technology)",OS,20931,30047
National Institute of Technology Calicut,"Civil Engineering (4 Years, Bachelor of Technology)",OS,28635,37216
National Institute of Technology Calicut,"Computer Science and Engineering (4 Years, Bachelor of Technology)",OS,2483,5256
National Institute of Technology Calicut,"Electrical and Electronics Engineering (4 Years, Bachelor of Technology)",OS,9907,14740
National Institute of Technology Calicut,"Electronics and Communication Engineering (4 Years, Bachelor of Technology)",OS,6857,9358
National Institute of Technology Calicut,"Engineering Physics (4 Years, Bachelor of Technology)",OS,13545,18337
National Institute of Technology Calicut,"Materials Science and Engineering (4 Years, Bachelor of Technology)",OS,28013,38388
National Institute of Technology Calicut,"Mechanical Engineering (4 Years, Bachelor of Technology)",OS,15000,22734
National Institute of Technology Calicut,"Production Engineering (4 Years, Bachelor of Technology)",OS,32220,36530
National Institute of Technology Delhi,"Artificial Intelligence and Data Science (4 Years, Bachelor of Technology)",OS,10091,10338
National Institute of Technology Delhi,"Civil Engineering (4 Years, Bachelor of Technology)",OS,19342,27574
National Institute of Technology Delhi,"Computer Science and Engineering (4 Years, Bachelor of Technology)",OS,4278,9930
National Institute of Technology Delhi,"Electrical Engineering (4 Years, Bachelor of Technology)",OS,14507,20642
National Institute of Technology Delhi,"Electronics and Communication Engineering (4 Years, Bachelor of Technology)",OS,9675,14481
National Institute of Technology Delhi,"Mechanical Engineering (4 Years, Bachelor of Technology)",OS,20673,25542
National Institute of Technology Durgapur,"Bio Technology (4 Years, Bachelor of Technology)",OS,42668,49399
National Institute of Technology Durgapur,"Biotechnology (5 Years, Bachelor and Master of Technology (Dual Degree))",OS,48932,48932
National Institute of Technology Durgapur,"Chemical Engineering (4 Years, Bachelor of Technology)",OS,32525,36240
National Institute of Technology Durgapur,"Chemical Engineering (5 Years, Bachelor and Master of Technology (Dual Degree))",OS,32936,32936
National Institute of Technology Durgapur,"Chemistry (5 Years, Integrated Master of Science)",OS,50311,50911
National Institute of Technology Durgapur,"Civil Engineering (4 Years, Bachelor of Technology)",OS,27972,42439
National Institute of Technology Durgapur,"Computer Science and Engineering (4 Years, Bachelor of Technology)",OS,6848,10070
National Institute of Technology Durgapur,"Electrical Engineering (4 Years, Bachelor of Technology)",OS,16330,21383
National Institute of Technology Durgapur,"Electronics and Communication Engineering (4 Years, Bachelor of Technology)",OS,10707,14893
National Institute of Technology Durgapur,"Mechanical Engineering (4 Years, Bachelor of Technology)",OS,24386,32121
National Institute of Technology Durgapur,"Metallurgical and Materials Engineering (4 Years, Bachelor of Technology)",OS,40669,48099
National Institute of Technology Goa,"Civil Engineering (4 Years, Bachelor of Technology)",OS,44498,47155
National Institute of Technology Goa,"Computer Science and Engineering (4 Years, Bachelor of Technology)",OS,8584,12604
National Institute of Technology Goa,"Electrical and Electronics Engineering (4 Years, Bachelor of Technology)",OS,22714,24214
National Institute of Technology Goa,"Electronics and Communication Engineering (4 Years, Bachelor of Technology)",OS,15535,19148
National Institute of Technology Goa,"Mechanical Engineering (4 Years, Bachelor of Technology)",OS,27891,35307
National Institute of Technology Hamirpur,"Architecture (5 Years, Bachelor of Architecture)",OS,921,1041
National Institute of Technology Hamirpur,"Chemical Engineering (4 Years, Bachelor of Technology)",OS,36890,42702
National Institute of Technology Hamirpur,"Civil Engineering (4 Years, Bachelor of Technology)",OS,32678,47137
National Institute of Technology Hamirpur,"Computer Science and Engineering (4 Years, Bachelor of Technology)",OS,9929,12426
National Institute of Technology Hamirpur,"Computer Science and Engineering (5 Years, Bachelor and Master of Technology (Dual Degree))",OS,10683,14111
National Institute of Technology Hamirpur,"Electrical Engineering (4 Years, Bachelor of Technology)",OS,22648,26867
National Institute of Technology Hamirpur,"Electronics and Communication Engineering (4 Years, Bachelor of Technology)",OS,15797,18163
National Institute of Technology Hamirpur,"Electronics and Communication Engineering (5 Years, Bachelor and Master of Technology (Dual Degree))",OS,19830,21405
National Institute of Technology Hamirpur,"Engineering Physics (4 Years, Bachelor of Technology)",OS,17132,33687
National Institute of Technology Hamirpur,"Materials Science and Engineering (4 Years, Bachelor of Technology)",OS,43743,49915
National Institute of Technology Hamirpur,"Mathematics and Computing (4 Years, Bachelor of Technology)",OS,13095,15463
National Institute of Technology Hamirpur,"Mechanical Engineering (4 Years, Bachelor of Technology)",OS,27459,36665
National Institute of Technology Jaipur,"Architecture (5 Years, Bachelor of Architecture)",OS,428,565
National Institute of Technology Jaipur,"Artificial Intelligence and Data Engineering (4 Years, Bachelor of Technology)",OS,5026,6408
National Institute of Technology Jaipur,"Chemical Engineering (4 Years, Bachelor of Technology)",OS,22184,26958
National Institute of Technology Jaipur,"Civil Engineering (4 Years, Bachelor of Technology)",OS,18397,34032
National Institute of Technology Jaipur,"Computer Science and Engineering (4 Years, Bachelor of Technology)",OS,2684,4909
National Institute of Technology Jaipur,"Electrical Engineering (4 Years, Bachelor of Technology)",OS,7944,15422
National Institute of Technology Jaipur,"Electronics and Communication Engineering (4 Years, Bachelor of Technology)",OS,6828,10168
National Institute of Technology Jaipur,"Mechanical Engineering (4 Years, Bachelor of Technology)",OS,14832,22295
National Institute of Technology Jaipur,"Metallurgical and Materials Engineering (4 Years, Bachelor of Technology)",OS,35128,39406
National Institute of Technology Jalandhar,"Bio Technology (4 Years, Bachelor of Technology)",OS,31978,49496
National Institute of Technology Jalandhar,"Chemical Engineering (4 Years, Bachelor of Technology)",OS,37066,40417
National Institute of Technology Jalandhar,"Civil Engineering (4 Years, Bachelor of Technology)",OS,33187,44281
National Institute of Technology Jalandhar,"Computer Science and Engineering (4 Years, Bachelor of Technology)",OS,9028,11017
National Institute of Technology Jalandhar,"Data Science and Engineering (4 Years, Bachelor of Technology)",OS,13020,13373
National Institute of Technology Jalandhar,"Electrical Engineering (4 Years, Bachelor of Technology)",OS,19308,22308
National Institute of Technology Jalandhar,"Electronics and Communication Engineering (4 Years, Bachelor of Technology)",OS,13926,15255
National Institute of Technology Jalandhar,"Electronics and VLSI Engineering (4 Years, Bachelor of Technology)",OS,15807,17582
National Institute of Technology Jalandhar,"Industrial and Production Engineering (4 Years, Bachelor of Technology)",OS,36660,48352
National Institute of Technology Jalandhar,"Information Technology (4 Years, Bachelor of Technology)",OS,11431,13180
National Institute of Technology Jalandhar,"Instrumentation and Control Engineering (4 Years, Bachelor of Technology)",OS,24861,33381
National Institute of Technology Jalandhar,"Mechanical Engineering (4 Years, Bachelor of Technology)",OS,26521,33152
National Institute of Technology Jalandhar,"Textile Technology (4 Years, Bachelor of Technology)",OS,49617,53354
National Institute of Technology Jamshedpur,"Civil Engineering (4 Years, Bachelor of Technology)",OS,35223,43745
National Institute of Technology Jamshedpur,"Computer Science and Engineering (4 Years, Bachelor of Technology)",OS,3260,9204
National Institute of Technology Jamshedpur,"Electrical Engineering (4 Years, Bachelor of Technology)",OS,15352,20752
National Institute of Technology Jamshedpur,"Electronics and Communication Engineering (4 Years, Bachelor of Technology)",OS,11838,14181
National Institute of Technology Jamshedpur,"Engineering and Computational Mechanics (4 Years, Bachelor of Technology)",OS,15852,21415
National Institute of Technology Jamshedpur,"Mechanical Engineering (4 Years, Bachelor of Technology)",OS,23512,29510
National Institute of Technology Jamshedpur,"Metallurgical and Materials Engineering (4 Years, Bachelor of Technology)",OS,37667,47774
National Institute of Technology Jamshedpur,"Production and Industrial Engineering (4 Years, Bachelor of Technology)",OS,34744,45154
National Institute of Technology Surathkal,"Artificial Intelligence (4 Years, Bachelor of Technology)",OS,2318,2973
National Institute of Technology Surathkal,"Chemical Engineering (4 Years, Bachelor of Technology)",OS,14070,16357
National Institute of Technology Surathkal,"Civil Engineering (4 Years, Bachelor of Technology)",OS,16462,23632
National Institute of Technology Surathkal,"Computational and Data Science (4 Years, Bachelor of Technology)",OS,3304,3922
National Institute of Technology Surathkal,"Computer Science and Engineering (4 Years, Bachelor of Technology)",OS,966,1984
National Institute of Technology Surathkal,"Electrical and Electronics Engineering (4 Years, Bachelor of Technology)",OS,6649,8437
National Institute of Technology Surathkal,"Electronics and Communication Engineering (4 Years, Bachelor of Technology)",OS,2306,5596
National Institute of Technology Surathkal,"Information Technology (4 Years, Bachelor of Technology)",OS,2099,3403
National Institute of Technology Surathkal,"Mechanical Engineering (4 Years, Bachelor of Technology)",OS,7716,14069
National Institute of Technology Surathkal,"Metallurgical and Materials Engineering (4 Years, Bachelor of Technology)",OS,18099,25127
National Institute of Technology Surathkal,"Mining Engineering (4 Years, Bachelor of Technology)",OS,21166,30068
National Institute of Technology Kurukshetra,"Artificial Intelligence and Machine Learning (4 Years, Bachelor of Technology)",OS,7643,9237
National Institute of Technology Kurukshetra,"Civil Engineering (4 Years, Bachelor of Technology)",OS,18358,38155
National Institute of Technology Kurukshetra,"Computer Engineering (4 Years, Bachelor of Technology)",OS,4503,7401
National Institute of Technology Kurukshetra,"Electrical Engineering (4 Years, Bachelor of Technology)",OS,15171,17918
National Institute of Technology Kurukshetra,"Electronics and Communication Engineering (4 Years, Bachelor of Technology)",OS,9648,13145
National Institute of Technology Kurukshetra,"Industrial Internet of Things (4 Years, Bachelor of Technology)",OS,9809,17041
National Institute of Technology Kurukshetra,"Information Technology (4 Years, Bachelor of Technology)",OS,7454,9517
National Institute of Technology Kurukshetra,"Mathematics and Computing (4 Years, Bachelor of Technology)",OS,8271,10484
National Institute of Technology Kurukshetra,"Mechanical Engineering (4 Years, Bachelor of Technology)",OS,17687,25489
National Institute of Technology Kurukshetra,"Production and Industrial Engineering (4 Years, Bachelor of Technology)",OS,38249,42295
National Institute of Technology Manipur,"Civil Engineering (4 Years, Bachelor of Technology)",OS,51762,56593
National Institute of Technology Manipur,"Computer Science and Engineering (4 Years, Bachelor of Technology)",OS,17658,29644
National Institute of Technology Manipur,"Electrical Engineering (4 Years, Bachelor of Technology)",OS,44190,47765
National Institute of Technology Manipur,"Electronics and Communication Engineering (4 Years, Bachelor of Technology)",OS,32372,37030
National Institute of Technology Manipur,"Mechanical Engineering (4 Years, Bachelor of Technology)",OS,46605,52516
National Institute of Technology Meghalaya,"Civil Engineering (4 Years, Bachelor of Technology)",OS,50611,55209
National Institute of Technology Meghalaya,"Computer Science and Engineering (4 Years, Bachelor of Technology)",OS,15911,19175
National Institute of Technology Meghalaya,"Electrical and Electronics Engineering (4 Years, Bachelor of Technology)",OS,31901,39316
National Institute of Technology Meghalaya,"Electronics and Communication Engineering (4 Years, Bachelor of Technology)",OS,24586,29028
National Institute of Technology Meghalaya,"Mechanical Engineering (4 Years, Bachelor of Technology)",OS,40305,44699
National Institute of Technology Mizoram,"Civil Engineering (4 Years, Bachelor of Technology)",OS,43318,58131
National Institute of Technology Mizoram,"Computer Science and Engineering (4 Years, Bachelor of Technology)",OS,28938,31336
National Institute of Technology Mizoram,"Electrical Engineering (4 Years, Bachelor of Technology)",OS,45091,48542
National Institute of Technology Mizoram,"Electronics and Communication Engineering (4 Years, Bachelor of Technology)",OS,39005,42287
National Institute of Technology Mizoram,"Mathematics and Computing (4 Years, Bachelor of Technology)",OS,21955,37134
National Institute of Technology Mizoram,"Mechanical Engineering (4 Years, Bachelor of Technology)",OS,51403,53050
National Institute of Technology Nagaland,"Civil Engineering (4 Years, Bachelor of Technology)",OS,55663,57852
National Institute of Technology Nagaland,"Computer Science and Engineering (4 Years, Bachelor of Technology)",OS,24324,30401
National Institute of Technology Nagaland,"Electrical and Electronics Engineering (4 Years, Bachelor of Technology)",OS,42259,47930
National Institute of Technology Nagaland,"Electronics and Communication Engineering (4 Years, Bachelor of Technology)",OS,31283,40671
National Institute of Technology Nagaland,"Electronics and Instrumentation Engineering (4 Years, Bachelor of Technology)",OS,43420,49013
National Institute of Technology Nagaland,"Mechanical Engineering (4 Years, Bachelor of Technology)",OS,50607,53747
National Institute of Technology Nagpur,"Architecture (5 Years, Bachelor of Architecture)",OS,504,691
National Institute of Technology Nagpur,"Chemical Engineering (4 Years, Bachelor of Technology)",OS,25344,33172
National Institute of Technology Nagpur,"Civil Engineering (4 Years, Bachelor of Technology)",OS,26421,38456
National Institute of Technology Nagpur,"Computer Science and Engineering (4 Years, Bachelor of Technology)",OS,4920,7087
National Institute of Technology Nagpur,"Electrical and Electronics Engineering (4 Years, Bachelor of Technology)",OS,9363,16931
National Institute of Technology Nagpur,"Electronics and Communication Engineering (4 Years, Bachelor of Technology)",OS,8554,12184
National Institute of Technology Nagpur,"Mechanical Engineering (4 Years, Bachelor of Technology)",OS,18792,25462
National Institute of Technology Nagpur,"Metallurgical and Materials Engineering (4 Years, Bachelor of Technology)",OS,38275,43133
National Institute of Technology Nagpur,"Mining Engineering (4 Years, Bachelor of Technology)",OS,44192,48145
National Institute of Technology Patna,"Architecture (5 Years, Bachelor of Architecture)",OS,949,1065
National Institute of Technology Patna,"Chemical Technology (5 Years, Bachelor and Master of Technology (Dual Degree))",OS,45504,45504
National Institute of Technology Patna,"Civil Engineering (4 Years, Bachelor of Technology)",OS,30298,46518
National Institute of Technology Patna,"Civil Engineering with Specialization in Construction Technology and Management (5 Years, Bachelor and Master of Technology (Dual Degree))",OS,44169,46763
National Institute of Technology Patna,"Computer Science and Engineering (4 Years, Bachelor of Technology)",OS,8125,13964
National Institute of Technology Patna,"Computer Science and Engineering with Specialization in Cyber Security (5 Years, Bachelor and Master of Technology (Dual Degree))",OS,15278,16359
National Institute of Technology Patna,"Computer Science and Engineering with Specialization in Data Science (5 Years, Bachelor and Master of Technology (Dual Degree))",OS,11823,14115
National Institute of Technology Patna,"Electrical Engineering (4 Years, Bachelor of Technology)",OS,22074,26512
National Institute of Technology Patna,"Electrical Engineering with Specialization In Power System Engineering (5 Years, Bachelor and Master of Technology (Dual Degree))",OS,25439,29092
National Institute of Technology Patna,"Electronics and Communication Engineering (4 Years, Bachelor of Technology)",OS,11260,21436
National Institute of Technology Patna,"Electronics and Communication Engineering with Specialization in Microelectronics and VLSI System Design (5 Years, Bachelor and Master of Technology (Dual Degree))",OS,16290,21954
National Institute of Technology Patna,"Material Science and Engineering (5 Years, Bachelor and Master of Technology (Dual Degree))",OS,43896,43896
National Institute of Technology Patna,"Mathematics and Computing Technology (5 Years, Bachelor and Master of Technology (Dual Degree))",OS,14191,14191
National Institute of Technology Patna,"Mechanical Engineering (4 Years, Bachelor of Technology)",OS,25476,37533
National Institute of Technology Patna,"Mechanical Engineering with Specialization in Manufacturing and Industrial Engineering (5 Years, Bachelor and Master of Technology (Dual Degree))",OS,37992,41945
National Institute of Technology Puducherry,"Civil Engineering (4 Years, Bachelor of Technology)",OS,47451,50701
National Institute of Technology Puducherry,"Computer Science and Engineering (4 Years, Bachelor of Technology)",OS,12546,17305
National Institute of Technology Puducherry,"Electrical and Electronics Engineering (4 Years, Bachelor of Technology)",OS,24947,33327
National Institute of Technology Puducherry,"Electronics and Communication Engineering (4 Years, Bachelor of Technology)",OS,19643,23819
National Institute of Technology Puducherry,"Mechanical Engineering (4 Years, Bachelor of Technology)",OS,30866,40208
National Institute of Technology Raipur,"Architecture (5 Years, Bachelor of Architecture)",OS,758,932
National Institute of Technology Raipur,"Bio Medical Engineering (4 Years, Bachelor of Technology)",OS,48738,56271
National Institute of Technology Raipur,"Bio Technology (4 Years, Bachelor of Technology)",OS,42408,53188
National Institute of Technology Raipur,"Chemical Engineering (4 Years, Bachelor of Technology)",OS,40784,42804
National Institute of Technology Raipur,"Civil Engineering (4 Years, Bachelor of Technology)",OS,41308,47480
National Institute of Technology Raipur,"Computer Science and Engineering (4 Years, Bachelor of Technology)",OS,10110,12773
National Institute of Technology Raipur,"Electrical Engineering (4 Years, Bachelor of Technology)",OS,21190,27264
National Institute of Technology Raipur,"Electronics and Communication Engineering (4 Years, Bachelor of Technology)",OS,16419,19191
National Institute of Technology Raipur,"Information Technology (4 Years, Bachelor of Technology)",OS,11059,14763
National Institute of Technology Raipur,"Mechanical Engineering (4 Years, Bachelor of Technology)",OS,29833,37689
National Institute of Technology Raipur,"Metallurgical and Materials Engineering (4 Years, Bachelor of Technology)",OS,43108,52043
National Institute of Technology Raipur,"Mining Engineering (4 Years, Bachelor of Technology)",OS,44378,54340
National Institute of Technology Rourkela,"Architecture (5 Years, Bachelor of Architecture)",OS,273,490
National Institute of Technology Rourkela,"Bio Medical Engineering (4 Years, Bachelor of Technology)",OS,35011,38477
National Institute of Technology Rourkela,"Bio Technology (4 Years, Bachelor of Technology)",OS,25792,34235
National Institute of Technology Rourkela,"Ceramic Engineering (4 Years, Bachelor of Technology)",OS,38670,42865
National Institute of Technology Rourkela,"Ceramic Engineering and M.Tech Industrial Ceramic (5 Years, Bachelor and Master of Technology (Dual Degree))",OS,47347,47672
National Institute of Technology Rourkela,"Chemical Engineering (4 Years, Bachelor of Technology)",OS,18100,21037
National Institute of Technology Rourkela,"Chemical Engineering (5 Years, Bachelor and Master of Technology (Dual Degree))",OS,25413,26057
National Institute of Technology Rourkela,"Chemistry (5 Years, Integrated Master of Science)",OS,41008,49151
National Institute of Technology Rourkela,"Civil Engineering (4 Years, Bachelor of Technology)",OS,23078,29370
National Institute of Technology Rourkela,"Computer Science and Engineering (4 Years, Bachelor of Technology)",OS,2529,3786
National Institute of Technology Rourkela,"Electrical Engineering (4 Years, Bachelor of Technology)",OS,8960,12910
National Institute of Technology Rourkela,"Electronics and Communication Engineering (4 Years, Bachelor of Technology)",OS,4801,6770
National Institute of Technology Rourkela,"Electronics and Instrumentation Engineering (4 Years, Bachelor of Technology)",OS,10715,12955
National Institute of Technology Rourkela,"Food Process Engineering (4 Years, Bachelor of Technology)",OS,39819,45340
National Institute of Technology Rourkela,"Industrial Design (4 Years, Bachelor of Technology)",OS,29391,32085
National Institute of Technology Rourkela,"Life Science (5 Years, Integrated Master of Science)",OS,44213,49862
National Institute of Technology Rourkela,"Mathematics (5 Years, Integrated Master of Science)",OS,12749,33880
National Institute of Technology Rourkela,"Mechanical Engineering (4 Years, Bachelor of Technology)",OS,14732,17907
National Institute of Technology Rourkela,"Metallurgical and Materials Engineering (4 Years, Bachelor of Technology)",OS,24289,33055
National Institute of Technology Rourkela,"Metallurgical and Materials Engineering (5 Years, Bachelor and Master of Technology (Dual Degree))",OS,32143,38512
National Institute of Technology Rourkela,"Mining Engineering (4 Years, Bachelor of Technology)",OS,29902,39954
National Institute of Technology Rourkela,"Mining Engineering (5 Years, Bachelor and Master of Technology (Dual Degree))",OS,35081,39670
National Institute of Technology Rourkela,"Physics (5 Years, Integrated Master of Science)",OS,26971,33330
National Institute of Technology Shibpur,"Aerospace Engineering (4 Years, Bachelor of Technology)",OS,14870,23280
National Institute of Technology Shibpur,"Architecture (5 Years, Bachelor of Architecture)",OS,647,838
National Institute of Technology Shibpur,"Civil Engineering (4 Years, Bachelor of Technology)",OS,41996,52036
National Institute of Technology Shibpur,"Computer Science and Engineering (4 Years, Bachelor of Technology)",OS,8043,13711
National Institute of Technology Shibpur,"Electrical Engineering (4 Years, Bachelor of Technology)",OS,22661,28582
National Institute of Technology Shibpur,"Electronics and Telecommunication Engineering (4 Years, Bachelor of Technology)",OS,17614,21207
National Institute of Technology Shibpur,"Information Technology (4 Years, Bachelor of Technology)",OS,13788,16809
National Institute of Technology Shibpur,"Mechanical Engineering (4 Years, Bachelor of Technology)",OS,26554,37579
National Institute of Technology Shibpur,"Metallurgy and Materials Engineering (4 Years, Bachelor of Technology)",OS,44874,51002
National Institute of Technology Shibpur,"Mining Engineering (4 Years, Bachelor of Technology)",OS,46278,54788
National Institute of Technology Sikkim,"Civil Engineering (4 Years, Bachelor of Technology)",OS,51587,55629
National Institute of Technology Sikkim,"Computer Science and Engineering (4 Years, Bachelor of Technology)",OS,19566,24093
National Institute of Technology Sikkim,"Electrical and Electronics Engineering (4 Years, Bachelor of Technology)",OS,35448,40863
National Institute of Technology Sikkim,"Electronics and Communication Engineering (4 Years, Bachelor of Technology)",OS,33641,35568
National Institute of Technology Sikkim,"Mechanical Engineering (4 Years, Bachelor of Technology)",OS,44244,49141
National Institute of Technology Silchar,"Civil Engineering (4 Years, Bachelor of Technology)",OS,34523,46505
National Institute of Technology Silchar,"Computer Science and Engineering (4 Years, Bachelor of Technology)",OS,8606,12818
National Institute of Technology Silchar,"Electrical Engineering (4 Years, Bachelor of Technology)",OS,22136,26321
National Institute of Technology Silchar,"Electronics and Communication Engineering (4 Years, Bachelor of Technology)",OS,14632,18613
National Institute of Technology Silchar,"Electronics and Instrumentation Engineering (4 Years, Bachelor of Technology)",OS,19159,23084
National Institute of Technology Silchar,"Mechanical Engineering (4 Years, Bachelor of Technology)",OS,26386,35691
National Institute of Technology Srinagar,"Chemical Engineering (4 Years, Bachelor of Technology)",OS,49795,54693
National Institute of Technology Srinagar,"Civil Engineering (4 Years, Bachelor of Technology)",OS,51984,57678
National Institute of Technology Srinagar,"Computer Science and Engineering (4 Years, Bachelor of Technology)",OS,12931,22814
National Institute of Technology Srinagar,"Electrical Engineering (4 Years, Bachelor of Technology)",OS,31874,40467
National Institute of Technology Srinagar,"Electronics and Communication Engineering (4 Years, Bachelor of Technology)",OS,23540,34057
National Institute of Technology Srinagar,"Information Technology (4 Years, Bachelor of Technology)",OS,23256,27732
National Institute of Technology Srinagar,"Mechanical Engineering (4 Years, Bachelor of Technology)",OS,39889,47520
National Institute of Technology Srinagar,"Metallurgical and Materials Engineering (4 Years, Bachelor of Technology)",OS,53273,58591
National Institute of Technology Surat,"Artificial Intelligence (4 Years, Bachelor of Technology)",OS,7120,10330
National Institute of Technology Surat,"Chemical Engineering (4 Years, Bachelor of Technology)",OS,24787,38015
National Institute of Technology Surat,"Chemistry (5 Years, Integrated Master of Science)",OS,48706,58313
National Institute of Technology Surat,"Civil Engineering (4 Years, Bachelor of Technology)",OS,34479,43794
National Institute of Technology Surat,"Computer Science and Engineering (4 Years, Bachelor of Technology)",OS,5052,7741
National Institute of Technology Surat,"Electrical Engineering (4 Years, Bachelor of Technology)",OS,16112,20904
National Institute of Technology Surat,"Electronics and Communication Engineering (4 Years, Bachelor of Technology)",OS,10654,15093
National Institute of Technology Surat,"Mathematics (5 Years, Integrated Master of Science)",OS,36483,51576
National Institute of Technology Surat,"Mechanical Engineering (4 Years, Bachelor of Technology)",OS,19670,30985
National Institute of Technology Surat,"Physics (5 Years, Integrated Master of Science)",OS,33405,52721
National Institute of Technology Tiruchirappalli,"Architecture (5 Years, Bachelor of Architecture)",HS,100,367
National Institute of Technology Tiruchirappalli,"Architecture (5 Years, Bachelor of Architecture)",OS,149,260
National Institute of Technology Tiruchirappalli,"Chemical Engineering (4 Years, Bachelor of Technology)",HS,12050,20670
National Institute of Technology Tiruchirappalli,"Chemical Engineering (4 Years, Bachelor of Technology)",OS,11165,15816
National Institute of Technology Tiruchirappalli,"Civil Engineering (4 Years, Bachelor of Technology)",HS,20492,33703
National Institute of Technology Tiruchirappalli,"Civil Engineering (4 Years, Bachelor of Technology)",OS,12259,20873
National Institute of Technology Tiruchirappalli,"Computer Science and Engineering (4 Years, Bachelor of Technology)",HS,936,5164
National Institute of Technology Tiruchirappalli,"Computer Science and Engineering (4 Years, Bachelor of Technology)",OS,176,1509
National Institute of Technology Tiruchirappalli,"Electrical and Electronics Engineering (4 Years, Bachelor of Technology)",HS,6915,9902
National Institute of Technology Tiruchirappalli,"Electrical and Electronics Engineering (4 Years, Bachelor of Technology)",OS,4668,6726
National Institute of Technology Tiruchirappalli,"Electronics and Communication Engineering (4 Years, Bachelor of Technology)",HS,4341,7153
National Institute of Technology Tiruchirappalli,"Electronics and Communication Engineering (4 Years, Bachelor of Technology)",OS,2049,4642
National Institute of Technology Tiruchirappalli,"Instrumentation and Control Engineering (4 Years, Bachelor of Technology)",HS,7605,15486
National Institute of Technology Tiruchirappalli,"Instrumentation and Control Engineering (4 Years, Bachelor of Technology)",OS,11099,14240
National Institute of Technology Tiruchirappalli,"Mechanical Engineering (4 Years, Bachelor of Technology)",HS,7166,16238
National Institute of Technology Tiruchirappalli,"Mechanical Engineering (4 Years, Bachelor of Technology)",OS,4026,10751
National Institute of Technology Tiruchirappalli,"Metallurgical and Materials Engineering (4 Years, Bachelor of Technology)",HS,19080,32122
National Institute of Technology Tiruchirappalli,"Metallurgical and Materials Engineering (4 Years, Bachelor of Technology)",OS,14909,24678
National Institute of Technology Tiruchirappalli,"Production Engineering (4 Years, Bachelor of Technology)",HS,16710,26853
National Institute of Technology Tiruchirappalli,"Production Engineering (4 Years, Bachelor of Technology)",OS,16671,25958
National Institute of Technology Uttarakhand,"Civil Engineering (4 Years, Bachelor of Technology)",OS,47240,48801
National Institute of Technology Uttarakhand,"Computer Science and Engineering (4 Years, Bachelor of Technology)",OS,14432,18447
National Institute of Technology Uttarakhand,"Electrical and Electronics Engineering (4 Years, Bachelor of Technology)",OS,29472,31544
National Institute of Technology Uttarakhand,"Electronics and Communication Engineering (4 Years, Bachelor of Technology)",OS,19911,25380
National Institute of Technology Uttarakhand,"Mechanical Engineering (4 Years, Bachelor of Technology)",OS,41479,42700
National Institute of Technology Warangal,"Bio Technology (4 Years, Bachelor of Technology)",OS,20284,31192
National Institute of Technology Warangal,"Chemical Engineering (4 Years, Bachelor of Technology)",OS,14550,20446
National Institute of Technology Warangal,"Chemistry (5 Years, Integrated Master of Science)",OS,25395,41976
National Institute of Technology Warangal,"Civil Engineering (4 Years, Bachelor of Technology)",OS,19966,28010
National Institute of Technology Warangal,"Computer Science and Engineering (4 Years, Bachelor of Technology)",OS,889,2413
National Institute of Technology Warangal,"Electrical and Electronics Engineering (4 Years, Bachelor of Technology)",OS,7121,9265
National Institute of Technology Warangal,"Electronics and Communication Engineering (4 Years, Bachelor of Technology)",OS,2776,5814
National Institute of Technology Warangal,"Electronics and Communication Engineering (VLSI Design and Technology) (4 Years, Bachelor of Technology)",OS,6033,7047
National Institute of Technology Warangal,"Mathematics (5 Years, Integrated Master of Science)",OS,27481,29818
National Institute of Technology Warangal,"Mathematics and Computing (4 Years, Bachelor of Technology)",OS,3672,4106
National Institute of Technology Warangal,"Mechanical Engineering (4 Years, Bachelor of Technology)",OS,10246,15749
National Institute of Technology Warangal,"Metallurgical and Materials Engineering (4 Years, Bachelor of Technology)",OS,19399,27512
National Institute of Technology Warangal,"Physics (5 Years, Integrated Master of Science)",OS,24390,29722
